1;"07:00/17:00";"NO";1;25200;61200;0;0;0;3600;no;0;600;600;"ellen";01/12/14;"183501";"000000000000000";"";?;?;no;no;0;0;0;0;0;600
2;"07:00/16:00";"NO";1;25200;57600;0;0;0;3600;no;0;600;600;"ellen";27/01/15;"170915";"000000000000000";"";?;?;no;no;0;0;0;0;0;0
3;"07:00/15:20";"NO";1;25200;55200;0;0;0;3600;no;0;0;0;"ELLEN";28/10/13;"082056";"000000000000000";"";?;?;no;no;0;0;0;0;600;600
4;"17:20/01:40";"NO";1;62400;6000;0;0;0;3600;yes;0;0;0;"ellen";06/08/10;"080006";"000000000000000";"";?;?;no;no;0;0;0;0;0;0
5;"07:20/17:08";"NO";1;26400;61680;0;0;0;3600;no;0;0;0;"ellen";06/08/10;"080012";"000000000000000";"";?;?;no;no;0;0;0;0;0;0
6;"07:00/15:00";"NO";1;25200;54000;0;0;0;3600;no;0;0;0;"ellen";06/08/10;"080018";"000000000000000";"";?;?;no;no;0;0;0;0;0;0
7;"15:00/23:00";"NO";1;54000;82800;0;0;0;3600;no;0;0;0;"ellen";06/08/10;"080023";"000000000000000";"";?;?;no;no;0;0;0;0;0;0
8;"23:00/07:00";"NO";1;82800;25200;0;0;0;3600;yes;0;0;0;"ellen";06/08/10;"080028";"000000000000000";"";?;?;no;no;0;0;0;0;0;0
9;"03:00/11:20";"NO";1;10800;40800;0;0;0;3600;no;0;0;0;"ellen";06/08/10;"080032";"000000000000000";"";?;?;no;no;0;0;0;0;0;0
10;"14:00/22:20";"NO";1;50400;80400;0;0;0;3600;no;0;0;0;"ellen";06/08/10;"080037";"000000000000000";"";?;?;no;no;0;0;0;0;0;0
11;"02:00/08:00";"NO";1;7200;28800;0;0;0;0;no;0;0;0;"ellen";06/08/10;"080042";"000000000000000";"";?;?;no;no;0;0;0;0;0;0
12;"20:00/04:20";"NO";1;72000;15600;0;0;0;3600;yes;0;0;0;"fabiano";02/03/16;"074324";"000000000000000             N00000";"";?;?;no;no;0;0;0;0;0;0
13;"07:00/15:48";"NO";1;25200;56880;0;0;0;3600;no;0;0;0;"ellen";06/08/10;"080051";"000000000000000";"";?;?;no;no;0;0;0;0;0;0
14;"07:00/12:00";"NO";1;25200;43200;0;0;0;0;no;0;0;0;"ellen";06/08/10;"080055";"000000000000000";"";?;?;no;no;0;0;0;0;0;0
15;"19:00/05:00";"NO";1;68400;18000;0;0;0;6000;yes;0;1800;1800;"gmoreno";12/07/19;"093708";"000000000000000             N00000";"";?;?;no;no;0;0;0;0;0;0
16;"07:00/17:00";"NO";1;25200;61200;0;0;0;6000;no;0;1800;1800;"ellen";06/08/10;"080107";"000000000000000";"";?;?;no;no;0;0;0;0;0;0
17;"17:00/01:20";"NO";1;61200;4800;0;0;0;3600;yes;0;0;0;"ellen";06/08/10;"080112";"000000000000000";"";?;?;no;no;0;0;0;0;0;0
18;"19:00/03:20";"NO";1;68400;12000;0;0;0;3600;yes;0;0;0;"ellen";06/08/10;"080117";"000000000000000";"";?;?;no;no;0;0;0;0;0;0
19;"08:00/17:48";"NO";1;28800;64080;0;0;0;3600;no;0;0;0;"cleo";02/07/08;"102007";"000000000000000";"";?;?;no;no;0;0;0;0;0;0
20;"02:00/10:20";"NO";1;7200;44400;0;0;0;3600;no;0;0;0;"cleo";02/07/08;"102408";"000000000000000";"";?;?;no;no;0;0;0;0;0;0
21;"16:00/19:00";"NO";1;57600;68400;0;0;0;0;no;0;0;0;"ellen";06/08/10;"080131";"000000000000000";"";?;?;no;no;0;0;0;0;0;0
22;"02:00/10:20";"NO";1;7200;37200;0;0;0;3600;no;0;0;0;"ellen";06/08/10;"080136";"000000000000000";"";?;?;no;no;0;0;0;0;0;0
23;"07:20/15:40";"NO";1;26400;56400;0;0;0;3600;no;0;0;0;"ellen";06/08/10;"080141";"000000000000000";"";?;?;no;no;0;0;0;0;0;0
24;"06:50/15:10";"NO";1;24600;54600;0;0;0;3600;no;0;0;0;"ellen";06/08/10;"080146";"000000000000000";"";?;?;no;no;0;0;0;0;0;0
25;"14:50/23:10";"NO";1;53400;83400;0;0;0;3600;no;0;0;0;"ellen";06/08/10;"080151";"000000000000000";"";?;?;no;no;0;0;0;0;0;0
26;"22:50/07:10";"NO";1;82200;25200;0;0;0;3600;yes;0;0;0;"ellen";06/08/10;"080156";"000000000000000";"";?;?;no;no;0;0;0;0;0;0
27;"07:30/15:50";"NO";1;27000;57000;0;0;0;3600;no;0;600;600;"ellen";06/08/10;"080200";"000000000000000";"";?;?;no;no;0;0;0;0;0;0
28;"07:00/15:20";"NO";1;25200;55200;0;0;0;3600;no;0;600;600;"camila";07/04/18;"155030";"000000000000000             N00000";"";?;?;no;no;0;0;0;0;600;600
29;"08:00/17:48";"NO";1;28800;64080;0;0;0;3600;no;0;0;0;"ellen";16/01/15;"143336";"000000000000000";"";?;?;no;no;0;0;0;0;600;600
30;"06:15/14:48";"NO";1;22500;53280;0;0;0;3600;no;0;0;0;"ellen";06/08/10;"080213";"000000000000000";"";?;?;no;no;0;0;0;0;0;0
31;"07:00/15:20";"NO";1;25200;55200;0;0;0;3600;no;0;0;0;"ELLEN";28/10/13;"083645";"000000000000000";"";?;?;no;no;0;0;0;0;600;600
32;"06:00/11:00";"NO";1;21600;39600;0;0;0;0;no;0;0;0;"LUCIMAR";12/11/13;"085425";"000000000000000";"";?;?;no;no;0;0;0;0;0;0
33;"07:00/15:20";"NO";1;25200;55200;0;0;0;3600;no;0;600;0;"fabiano";02/03/16;"182155";"000000000000000             N00000";"";?;?;no;no;0;0;0;0;0;0
34;"05:00/15:00";"NO";1;18000;54000;0;0;0;6000;no;0;1800;1800;"ellen";06/08/10;"080230";"000000000000000";"";?;?;no;no;0;0;0;0;0;0
35;"06:00/14:20";"NO";1;21600;51600;0;0;0;3600;no;0;0;0;"ellen";06/08/10;"080235";"000000000000000";"";?;?;no;no;0;0;0;0;0;0
36;"06:00/16:20";"NO";1;21600;58800;0;0;0;3600;no;0;0;0;"ellen";06/08/10;"080239";"000000000000000";"";?;?;no;no;0;0;0;0;0;0
37;"20:00/04:20";"NO";1;72000;15600;0;0;0;3600;yes;0;0;0;"ellen";06/08/10;"080243";"000000000000000";"";?;?;no;no;0;0;0;0;0;0
38;"05:00/13:20";"NO";1;18000;48000;0;0;0;3600;no;0;0;0;"ellen";06/08/10;"080246";"000000000000000";"";?;?;no;no;0;0;0;0;0;0
39;"17:00/03:00";"NO";1;61200;10800;0;0;0;6000;yes;0;1800;1800;"ellen";06/08/10;"080250";"000000000000000";"";?;?;no;no;0;0;0;0;0;0
40;"17:00/02:00";"NO";1;61200;7200;0;0;0;3600;yes;0;0;0;"ellen";06/08/10;"080253";"000000000000000";"";?;?;no;no;0;0;0;0;0;0
41;"07:00/11:00";"NO";1;25200;39600;0;0;0;0;no;0;0;0;"ellen";06/08/10;"080257";"000000000000000";"";?;?;no;no;0;0;0;0;0;0
42;"07:00/17:00 (GERAL/PEDREIROS)";"NO";1;25200;61200;0;0;0;3600;no;0;0;0;"DANI";02/04/14;"134444";"000000000000000";"";?;?;no;no;0;0;0;0;600;600
43;"07:00/16:00 (GERAL/PEDREIROS)";"NO";1;25200;57600;0;0;0;3600;no;0;0;0;"DANI";02/04/14;"134725";"000000000000000";"";?;?;no;no;0;0;0;0;600;600
44;"05:00/15:48 (MOTORISTA ONIBUS";"NO";1;18000;56880;0;0;0;7200;no;0;0;0;"ellen";06/08/10;"080312";"000000000000000";"";?;?;no;no;0;0;0;0;0;0
45;"07:00/16:00 (MOTORISTA ONIBUS)";"NO";1;25200;57600;0;0;0;7200;no;0;0;0;"ellen";06/08/10;"080315";"000000000000000";"";?;?;no;no;0;0;0;0;0;0
46;"07:00/17:00 (MOTORISTAS ONIBUS";"NO";1;25200;61200;0;0;0;7200;no;0;0;0;"ellen";06/08/10;"080318";"000000000000000";"";?;?;no;no;0;0;0;0;0;0
47;"05:00/16:00 (MOTORISTAS ONIBU";"NO";1;18000;57600;0;0;0;7200;no;0;0;0;"ellen";06/08/10;"080323";"000000000000000";"";?;?;no;no;0;0;0;0;0;0
48;"05:00/15:00 (MOTORISTAS ONIBU";"NO";1;18000;54000;0;0;0;7200;no;0;0;0;"ellen";06/08/10;"080327";"000000000000000";"";?;?;no;no;0;0;0;0;0;0
49;"06:00/16:48 (MOTORISTA ONIBUS";"NO";1;21600;60480;0;0;0;7200;no;0;0;0;"ellen";06/08/10;"080347";"000000000000000";"";?;?;no;no;0;0;0;0;0;0
50;"08:00/16:20 (GERAL OFICINA)";"NO";1;28800;58800;0;0;0;3600;no;0;0;0;"ellen";06/08/10;"080350";"000000000000000";"";?;?;no;no;0;0;0;0;0;0
51;"07:00/17:00 (GERAL/ESCRITORIO)";"NO";1;25200;61200;0;0;0;3600;no;0;0;0;"ellen";06/08/10;"080355";"000000000000000";"";?;?;no;no;0;0;0;0;0;0
52;"07:00/16:00 (GERAL/ESCRITORIO)";"NO";1;25200;57600;0;0;0;3600;no;0;0;0;"ellen";06/08/10;"080401";"000000000000000";"";?;?;no;no;0;0;0;0;0;0
53;"09:00/17:00 (GERA/VIGIA)";"NO";1;32400;61200;0;0;0;3600;no;0;0;0;"ellen";06/08/10;"080406";"000000000000000";"";?;?;no;no;0;0;0;0;0;0
54;"17:00/03:00 (GERAL)";"NO";1;61200;10800;0;0;0;3600;yes;0;0;0;"ellen";06/08/10;"080410";"000000000000000";"";?;?;no;no;0;0;0;0;0;0
55;"06:00/16:00 (MOTORISTA ONIBUS";"NO";1;21600;57600;0;0;0;7200;no;0;0;0;"ellen";06/08/10;"080419";"000000000000000";"";?;?;no;no;0;0;0;0;0;0
56;"06:00/10:00 (MOTORISTA ONIBUS";"NO";1;21600;36000;0;0;0;26400;no;0;0;0;"LUCIMAR";14/10/13;"142503";"000000000000000";"";?;?;no;no;0;0;0;0;0;0
57;"05:10/17:58 (MOTORISTA ONIBU";"NO";1;18600;64680;0;0;0;18000;no;0;0;0;"ellen";06/08/10;"080427";"000000000000000";"";?;?;no;no;0;0;0;0;0;0
58;"15:20/23:20";"NO";1;55200;84000;0;0;0;3600;no;0;0;0;"fabiano";01/03/16;"145722";"000000000000000             N00000";"";?;?;no;no;0;0;0;0;600;600
59;"07:00/15:00";"NO";1;25200;54000;0;0;0;3600;no;0;0;0;"ellen";06/08/10;"080436";"000000000000000";"";?;?;no;no;0;0;0;0;0;0
60;"07:00/16:48";"NO";1;25200;60480;0;0;0;3600;no;0;0;0;"ELLEN";29/06/09;"144536";"000000000000000";"";?;?;no;no;0;0;0;0;0;0
61;"06:00/18:00";"NO";1;21600;64800;0;0;0;14400;no;0;0;0;"val";03/07/09;"091020";"000000000000000";"";?;?;no;no;0;0;0;0;0;0
62;"06:00/12:30";"NO";1;21600;45000;0;0;0;5400;no;0;0;0;"val";03/07/09;"090904";"000000000000000";"";?;?;no;no;0;0;0;0;0;0
63;"05:00/18:00";"NO";1;18000;64800;0;0;0;14400;no;0;0;0;"ellen";06/08/10;"080455";"000000000000000";"";?;?;no;no;0;0;0;0;0;0
64;"05:00/17:00";"NO";1;18000;61200;0;0;0;14400;no;0;0;0;"ellen";06/08/10;"080459";"000000000000000";"";?;?;no;no;0;0;0;0;0;0
65;"05:30/15:30";"NO";1;19800;55800;0;0;0;7200;no;0;0;0;"ellen";06/08/10;"080503";"000000000000000";"";?;?;no;no;0;0;0;0;0;0
66;"22:00/06:00 (5x1)";"NO";1;79200;21600;0;0;0;3600;yes;0;0;0;"ellen";06/08/10;"080508";"000000000000000";"";?;?;no;no;0;0;0;0;0;0
67;"05:00/17:00 (Seg a Sex ONIBUS)";"NO";1;18000;61200;0;0;0;14400;no;0;0;0;"ellen";06/08/10;"080512";"000000000000000";"";?;?;no;no;0;0;0;0;0;0
68;"18:00/04:00";"NO";1;64800;14400;0;0;0;6000;yes;0;1800;1800;"ellen";06/08/10;"080517";"000000000000000";"";?;?;no;no;0;0;0;0;0;0
69;"15:30/01:30 (5X1 ESCALA)";"NO";1;55800;5400;0;0;0;6000;yes;0;1800;1800;"ellen";06/08/10;"080520";"000000000000000";"";?;?;no;no;0;0;0;0;0;0
70;"06:00/16:00 (5X1 ESCALA)";"NO";1;21600;57600;0;0;0;7200;no;0;0;0;"camila";02/05/18;"224826";"000000000000000             N00000";"";?;?;no;no;0;0;0;0;0;0
71;"06:30/16:18";"NO";1;23400;58680;0;0;0;3600;no;0;0;0;"ellen";25/08/09;"095802";"000000000000000";"";?;?;no;no;0;0;0;0;0;0
72;"05:20/15:20";"NO";1;19200;55200;0;0;0;7200;no;0;0;0;"ellen";06/08/10;"080533";"000000000000000";"";?;?;no;no;0;0;0;0;0;0
73;"08:00/17:48";"NO";1;28800;64080;0;0;0;3600;no;0;0;0;"ellen";28/08/09;"084704";"000000000000000";"";?;?;no;no;0;0;0;0;0;0
74;"08:00/17:48";"NO";1;28800;64080;0;0;0;4320;no;0;0;0;"ellen";23/11/18;"170107";"000000000000000             N00000";"";?;?;no;no;0;0;0;0;0;0
75;"16:00/00:00 (5X1 GERAL)";"NO";1;57600;0;0;0;0;3600;yes;0;0;0;"ellen";26/12/18;"175253";"000000000000000             N00000";"";?;?;no;no;0;0;0;0;0;0
76;"21:00/05:20 (5X1 GERAL)";"NO";1;76800;19200;0;0;0;3600;yes;0;0;0;"fabiano";22/02/16;"174636";"000000000000000             N00000";"";?;?;no;no;0;0;0;0;0;0
77;"05:10/14:43 (MOTORISTAS ONIBU";"NO";1;18600;52980;0;0;0;7200;no;0;0;0;"ellen";06/08/10;"080554";"000000000000000";"";?;?;no;no;0;0;0;0;0;0
78;"06:30/16:18";"NO";1;23400;58680;0;0;0;3600;no;0;0;0;"ellen";01/12/14;"183713";"000000000000000";"";?;?;no;no;0;0;0;0;0;600
79;"05:10/16:43 (MOTORISTAS ONIBU";"NO";1;18600;60180;0;0;0;14400;no;0;0;0;"ellen";06/08/10;"080602";"000000000000000";"";?;?;no;no;0;0;0;0;0;0
80;"05:10/18:10 (ONIBUS)";"NO";1;18600;65400;0;0;0;25200;no;0;0;0;"ellen";05/11/09;"075355";"000000000000000";"";?;?;no;no;0;0;0;0;0;0
81;"05:30/19:30 (ONIBUS)";"NO";1;19800;70200;0;0;0;28800;no;0;0;0;"ELLEN";05/11/09;"090453";"000000000000000";"";?;?;no;no;0;0;0;0;0;0
82;"05:20/14:53 (6x1)";"NO";1;19200;53580;0;0;0;7200;no;0;0;0;"ellen";11/11/09;"164432";"000000000000000";"";?;?;no;no;0;0;0;0;0;0
83;"05:30/18:30(5x1 ONIBUS)";"NO";1;19800;66600;0;0;0;18000;no;0;0;0;"ELLEN";03/12/13;"185303";"000000000000000";"";?;?;no;no;0;0;0;0;1800;1800
84;"09:00/16:00";"NO";1;32400;57600;0;0;0;3600;no;0;0;0;"ellen";12/01/10;"160824";"000000000000000";"";?;?;no;no;0;0;0;0;0;0
85;"15:00/19:00 (5x1ONIBUS)";"NO";1;54000;68400;0;0;0;0;no;0;0;0;"ellen";30/01/10;"174207";"000000000000000";"";?;?;no;no;0;0;0;0;0;0
86;"05:00/08:40 (5x1 ONIBUS)";"NO";1;18000;31200;0;0;0;0;no;0;0;0;"ellen";30/01/10;"190204";"000000000000000";"";?;?;no;no;0;0;0;0;0;0
87;"02:30/08:30";"NO";1;9000;30600;0;0;0;0;no;0;0;0;"ELLEN";04/03/13;"083117";"000000000000000";"";?;?;no;no;0;0;0;0;0;0
88;"02:30/15:03 (ONIBUS 5X1)";"NO";1;9000;54180;0;0;0;18000;no;0;0;0;"ellen";19/02/10;"185110";"000000000000000";"";?;?;no;no;0;0;0;0;0;0
89;"02:00/07:00";"NO";1;7200;25200;0;0;0;0;no;0;0;0;"ellen";06/08/10;"080638";"000000000000000";"";?;?;no;no;0;0;0;0;0;0
90;"05:00/16:33 (5X1 ONIBUS)";"NO";1;18000;59580;0;0;0;18000;no;0;0;0;"ellen";27/02/10;"181904";"000000000000000";"";?;?;no;no;0;0;0;0;0;0
91;"05:20/18:20 ONIBUS (SAB COMP)";"NO";1;19200;66000;0;0;0;18000;no;0;0;0;"ellen";19/03/10;"142415";"000000000000000";"";?;?;no;no;0;0;0;0;0;0
92;"05:00/18:20 ONIBUS (5X1)";"NO";1;18000;66000;0;0;0;18000;no;0;0;0;"ellen";13/04/10;"131556";"000000000000000";"";?;?;no;no;0;0;0;0;0;0
93;"05:20/16:20 (ONIBUS) SAB COMP";"NO";1;19200;58800;0;0;0;7200;no;0;0;0;"ellen";15/04/10;"140920";"000000000000000";"";?;?;no;no;0;0;0;0;0;0
94;"07:00/19:30 (6X1)";"NO";1;25200;70200;0;0;0;18000;no;0;0;0;"ellen";27/05/10;"161603";"000000000000000";"";?;?;no;no;0;0;0;0;0;0
95;"05:20/16:20 (ONIBUS) SAB COMP";"NO";1;19200;58800;0;0;0;7200;no;0;0;0;"ELLEN";02/06/10;"111113";"000000000000000";"";?;?;no;no;0;0;0;0;0;0
96;"07:00/16:00";"NO";1;25200;57600;0;0;0;3600;no;0;0;0;"ellen";06/08/10;"080706";"000000000000000";"";?;?;no;no;0;0;0;0;0;0
97;"07:00/17:00 (GERAL/PEDREIROS)";"NO";1;25200;61200;0;0;0;3600;no;0;0;0;"ellen";06/08/10;"080709";"000000000000000";"";?;?;no;no;0;0;0;0;0;0
98;"07:00/16:00 (GERAL/PEDREIROS)";"NO";1;25200;61200;0;0;0;3600;no;0;0;0;"ellen";06/08/10;"080713";"000000000000000";"";?;?;no;no;0;0;0;0;0;0
99;"07:00/16:00 (GERAL/PEDREIROS)";"NO";1;25200;57600;0;0;0;3600;no;0;0;0;"ellen";06/08/10;"080717";"000000000000000";"";?;?;no;no;0;0;0;0;0;0
100;"07:00/15:20";"NO";1;25200;55200;0;0;0;3600;no;0;0;0;"ELLEN";28/10/13;"083831";"000000000000000";"";?;?;no;no;0;0;0;0;600;600
101;"07:30/16:30 (SEG A SEX)";"NO";1;27000;59400;0;0;0;3600;no;0;0;0;"ELLEN";27/08/10;"103126";"000000000000000";"";?;?;no;no;0;0;0;0;0;0
102;"08:00/12:00";"NO";1;28800;43200;0;0;0;0;no;0;0;0;"camila";05/02/18;"095320";"000000000000000             N00000";"";?;?;no;no;0;0;0;0;0;0
103;"13:00/21:20";"NO";1;46800;76800;0;0;0;3600;no;0;0;0;"ELLEN";01/10/10;"201548";"000000000000000";"";?;?;no;no;0;0;0;0;0;0
104;"05:20/18:20 MOTORISTA ONIBU";"NO";1;19200;66000;0;0;0;10800;no;0;0;0;"fabiano";02/02/11;"143916";"000000000000000";"";?;?;no;no;0;0;0;0;0;0
105;"05:20/18:20 MOTORISTA ONIBU";"NO";1;19200;58800;0;0;0;13200;no;0;0;0;"fabiano";10/03/11;"084610";"000000000000000";"";?;?;no;no;0;0;0;0;0;0
106;"06:30/14:50";"NO";1;23400;53400;0;0;0;3600;no;0;0;0;"ellen";31/05/19;"093301";"000000000000000             N00000";"";?;?;no;no;0;0;0;0;0;0
107;"06:15/14:35";"NO";1;22500;52500;0;0;0;3600;no;0;0;0;"FABIANO";25/05/11;"134124";"000000000000000";"";?;?;no;no;0;0;0;0;0;0
108;"09:00/17:20 (ALMOXARIFADO)";"NO";1;32400;62400;0;0;0;3600;no;0;0;0;"FABIANO";05/07/11;"083327";"000000000000000";"";?;?;no;no;0;0;0;0;0;0
109;"06:00/14:20 (almoxarifado)";"NO";1;21600;51600;0;0;0;3600;no;0;0;0;"FABIANO";21/07/11;"120802";"000000000000000";"";?;?;no;no;0;0;0;0;0;0
110;"16:20/00:40 (almoxarifado)";"NO";1;58800;2400;0;0;0;3600;yes;0;0;0;"FABIANO";26/07/11;"141542";"000000000000000";"";?;?;no;no;0;0;0;0;0;0
111;"07:00/16:48";"NO";1;25200;60480;0;0;0;3600;no;0;0;0;"FABIANO";09/08/11;"151235";"000000000000000";"";?;?;no;no;0;0;0;0;0;0
112;"06:00/15:48";"NO";1;21600;56880;0;0;0;3600;no;0;0;0;"FABIANO";09/08/11;"151406";"000000000000000";"";?;?;no;no;0;0;0;0;0;0
113;"15:20/23:40 (almoxarifado)";"NO";1;55200;85200;0;0;0;3600;no;0;0;0;"FABIANO";15/08/11;"154959";"000000000000000";"";?;?;no;no;0;0;0;0;0;0
114;"07:00/12:00";"NO";1;25200;43200;0;0;0;0;no;0;0;0;"FABIANO";05/09/11;"093930";"000000000000000";"";?;?;no;no;0;0;0;0;0;0
115;"13:00/17:00 ""Caeté""";"NO";1;46800;61200;0;0;0;0;no;0;0;0;"FABIANO";29/09/11;"071312";"000000000000000";"";?;?;no;no;0;0;0;0;0;0
116;"10:00/18:20 ""almoxarifado""";"NO";1;36000;66000;0;0;0;3600;no;0;0;0;"FABIANO";01/12/11;"161131";"000000000000000";"";?;?;no;no;0;0;0;0;0;0
117;"05:20/19:00(5x1 ONIBUS)";"NO";1;19200;68400;0;0;0;20400;no;0;0;0;"FABIANO";26/03/12;"141033";"000000000000000";"";?;?;no;no;0;0;0;0;0;0
118;"05:20/18:40(5x1 ONIBUS)";"NO";1;19200;67200;0;0;0;21600;no;0;0;0;"FABIANO";20/06/12;"075503";"000000000000000";"";?;?;no;no;0;0;0;0;0;0
119;"08:00/17:00 (SEG A SEX)";"NO";1;28800;61200;0;0;0;3600;no;0;0;0;"FABIANO";22/06/12;"125011";"000000000000000";"";?;?;no;no;0;0;0;0;0;0
120;"05:00/18:20(5x1 ONIBUS)";"NO";1;18000;66000;0;0;0;21600;no;0;0;0;"FABIANO";29/06/12;"080407";"000000000000000";"";?;?;no;no;0;0;0;0;0;0
121;"16:20 as 00:40";"NO";1;58800;2400;0;0;0;3600;yes;0;0;0;"FABIANO";20/07/12;"122605";"000000000000000";"";?;?;no;no;0;0;0;0;0;0
122;"16:00 as 00:20 almox";"NO";1;57600;1200;0;0;0;3600;yes;0;0;0;"FABIANO";26/07/12;"080438";"000000000000000";"";?;?;no;no;0;0;0;0;0;0
123;"12 por 36 enfermeira";"NO";1;25200;68400;0;0;0;3600;no;0;0;0;"FABIANO";13/09/12;"120841";"000000000000000";"";?;?;no;no;0;0;0;0;0;0
124;"06:30/15:30";"NO";1;23400;55800;0;0;0;7200;no;0;0;0;"DANI";04/02/13;"163421";"000000000000000";"";?;?;no;no;0;0;0;0;600;600
125;"02:30/10:50";"NO";1;9000;39000;0;0;0;3600;no;0;0;0;"ELLEN";04/03/13;"083334";"000000000000000";"";?;?;no;no;0;0;0;0;0;0
126;"06:00/16:00 (6x1)";"NO";1;21600;57600;0;0;0;6000;no;0;1800;1800;"ELLEN";04/03/13;"115218";"000000000000000";"";?;?;no;no;0;0;0;0;0;0
127;"Das 14:20 as 00:00";"NO";1;51600;0;0;0;0;8400;yes;0;0;0;"ELLEN";01/04/13;"130409";"000000000000000";"";?;?;no;no;0;0;0;0;0;0
128;"05:20/15:00 (6X1)";"NO";1;19200;54000;0;0;0;6000;no;0;0;0;"ELLEN";01/04/13;"185444";"000000000000000";"";?;?;no;no;0;0;0;0;0;0
129;"02:20/12:00 (6x1)";"NO";1;8400;43200;0;0;0;8400;no;0;0;0;"ELLEN";02/04/13;"150718";"000000000000000";"";?;?;no;no;0;0;0;0;0;0
130;"16:20/00:40";"NO";1;58800;2400;0;0;0;3600;yes;0;0;0;"ELLEN";14/05/13;"170443";"000000000000000";"";?;?;no;no;0;0;0;0;1800;1800
131;"05:20/14:53 (6x1)";"NO";1;19200;53580;0;0;0;5400;no;0;0;0;"LUCIMAR";03/07/13;"075307";"000000000000000";"";?;?;no;no;0;0;0;0;1800;1800
132;"04:50/19:30";"NO";1;17400;70200;0;0;0;26400;no;0;0;0;"LUCIMAR";03/08/13;"103647";"000000000000000";"";?;?;no;no;0;0;0;0;1800;1800
133;"06:40/15:00";"no";1;24000;54000;0;0;0;3600;no;0;0;0;"LUCIMAR";03/08/13;"105211";"000000000000000";"";?;?;no;no;0;0;0;0;600;600
134;"13:00/18:00";"NO";1;46800;64800;0;0;0;0;no;0;0;0;"LUCIMAR";03/08/13;"105933";"000000000000000";"";?;?;no;no;0;0;0;0;0;0
135;"16:50 as 07:30 (5x1)";"no";1;60600;27000;0;0;0;26400;yes;0;0;0;"LUCIMAR";02/10/13;"173134";"000000000000000";"";?;?;no;no;0;0;0;0;0;0
136;"06:00/18:00";"NO";1;21600;64800;0;0;0;18000;no;0;0;0;"LUCIMAR";12/11/13;"090602";"000000000000000";"";?;?;no;no;0;0;0;0;0;0
137;"08:00/17:00";"NO";1;28800;61200;0;0;0;3600;no;0;0;0;"ellen";01/12/14;"184028";"000000000000000";"";?;?;no;no;0;0;0;0;0;600
138;"05:20/17:00 (6X1)";"NO";1;19200;54000;0;0;0;4800;no;0;0;0;"ELLEN";03/12/13;"175231";"000000000000000";"";?;?;no;no;0;0;0;0;0;0
139;"05:20/14:40 (6X1)";"NO";1;19200;52800;0;0;0;3600;no;0;0;0;"ELLEN";03/12/13;"180409";"000000000000000";"";?;?;no;no;0;0;0;0;0;0
140;"06:00/19:00 5X1";"NO";1;21600;68400;0;0;0;18000;no;0;0;0;"DANI";02/04/14;"082448";"000000000000000";"";?;?;no;no;0;0;0;0;600;600
141;"05:20/18:20 (5X1)";"NO";1;19200;66000;0;0;0;18000;no;0;0;0;"ELLEN";04/01/14;"090444";"000000000000000";"";?;?;no;no;0;0;0;0;1800;1800
142;"05:50/19:00(5x1 ONIBUS)";"NO";1;21000;68400;0;0;0;18600;no;0;0;0;"DANI";06/03/14;"062515";"000000000000000";"";?;?;no;no;0;0;0;0;600;600
143;"08:00/13:00";"NO";1;28800;46800;0;0;0;0;no;0;0;0;"DANI";02/07/14;"074629";"000000000000000";"";?;?;no;no;0;0;0;0;0;0
144;"21:00/06:48 SAB COMP";"NO";1;75600;24480;0;0;0;3600;yes;0;0;0;"dani";02/10/14;"084727";"000000000000000";"";?;?;no;no;0;0;0;0;600;600
145;"06:00/19:30 5X1";"NO";1;21600;70200;0;0;0;19800;no;0;0;0;"dani";02/10/14;"093644";"000000000000000";"";?;?;no;no;0;0;0;0;600;600
146;"07:30/17:18";"NO";1;27000;62280;0;0;0;3600;no;0;0;0;"dani";02/10/14;"133316";"000000000000000";"";?;?;no;no;0;0;0;0;600;600
147;"07:00/17:00 SABADO COMPENSADO";"NO";1;25200;61200;0;0;0;6000;no;0;1800;1800;"dani";03/11/14;"212559";"000000000000000";"";?;?;no;no;0;0;0;0;0;0
148;"06:00/19:00 6X1";"NO";1;21600;68400;0;0;0;18000;no;0;0;0;"dani";20/11/14;"141133";"000000000000000";"";?;?;no;no;0;0;0;0;600;600
149;"13:00/21:00";"NO";1;46800;75600;0;0;0;3600;no;0;0;0;"fabiano";04/07/16;"140034";"000000000000000             N00000";"";?;?;no;no;0;0;0;0;0;0
150;"05:00/16:48 (MOTORISTA ONIBUS";"NO";1;18000;60480;0;0;0;10800;no;0;0;0;"dani";06/01/15;"164206";"000000000000000";"";?;?;no;no;0;0;0;0;0;0
151;"05:00/17:20 (6x1)";"NO";1;18000;62400;0;0;0;18000;no;0;0;0;"ellen";16/01/15;"112609";"000000000000000";"";?;?;no;no;0;0;0;0;600;600
152;"05:00/19:00 SAB COMP";"NO";1;18000;68400;0;0;0;18000;no;0;0;0;"ellen";16/01/15;"110922";"000000000000000";"";?;?;no;no;0;0;0;0;600;600
153;"15:00/21:00 (5X1)";"NO";1;54000;75600;0;0;0;0;no;0;0;0;"dani";02/02/15;"180016";"000000000000000";"";?;?;no;no;0;0;0;0;0;0
154;"05:30/17:50 (6X1)";"NO";1;19800;64200;0;0;0;18000;no;0;0;0;"dani";02/02/15;"182431";"000000000000000";"";?;?;no;no;0;0;0;0;0;0
155;"09:00/18:48";"NO";1;32400;67680;0;0;0;3600;no;0;0;0;"dani";03/03/15;"150614";"000000000000000";"";?;?;no;no;0;0;0;0;600;600
156;"05:15/16:58 (Sab Compensado)";"NO";1;18900;61080;0;0;0;9600;no;0;0;0;"dani";03/03/15;"161512";"000000000000000";"";?;?;no;no;0;0;0;0;600;600
157;"05:15/15:38 (Sab Compensado)";"NO";1;18900;56280;0;0;0;9600;no;0;0;0;"dani";03/03/15;"161609";"000000000000000";"";?;?;no;no;0;0;0;0;600;600
158;"05:00/18:00 (5x1)";"NO";1;18000;64800;0;0;0;18000;no;0;0;0;"dani";03/03/15;"201652";"000000000000000";"";?;?;no;no;0;0;0;0;0;0
159;"15:00/21:00 (6X1)";"NO";1;54000;75600;0;0;0;0;no;0;0;0;"dani";03/03/15;"205822";"000000000000000";"";?;?;no;no;0;0;0;0;0;0
160;"16:00/00:20 (5X1)";"NO";1;57600;1200;0;0;0;3600;yes;0;0;0;"dani";23/03/15;"135141";"000000000000000";"";?;?;no;no;0;0;0;0;0;0
161;"05:20/13:40 (5x1)";"NO";1;19200;49200;0;0;0;3600;no;0;0;0;"dani";23/03/15;"091754";"000000000000000";"";?;?;no;no;0;0;0;0;0;0
162;"05:20/13:40 (6X1)";"NO";1;19200;49200;0;0;0;3600;no;0;0;0;"dani";27/04/15;"105456";"000000000000000";"";?;?;no;no;0;0;0;0;0;0
163;"16:00/00:40 (6X1)";"NO";1;57600;2400;0;0;0;3600;yes;0;0;0;"dani";27/04/15;"110744";"000000000000000";"";?;?;no;no;0;0;0;0;0;0
164;"05:20/17:20 SAB COMP";"NO";1;19200;62400;0;0;0;10800;no;0;0;0;"dani";27/04/15;"133640";"000000000000000";"";?;?;no;no;0;0;0;0;600;600
165;"05:20/16:20 SAB COMP";"NO";1;19200;62400;0;0;0;10800;no;0;0;0;"dani";27/04/15;"134448";"000000000000000";"";?;?;no;no;0;0;0;0;600;600
166;"06:20/16:20 6x1";"NO";1;22800;58800;0;0;0;6000;no;0;1800;1800;"fabiano";20/05/15;"172249";"000000000000000";"";?;?;no;no;0;0;0;0;0;0
167;"07:30/17:00";"NO";1;27000;61200;0;0;0;5400;no;0;0;0;"fabiano";25/09/15;"114933";"000000000000000             N00000";"";?;?;no;no;0;0;0;0;0;600
168;"07:30/11:30 (SAB)";"NO";1;27000;41400;0;0;0;0;no;0;0;0;"fabiano";25/09/15;"115507";"000000000000000             N00000";"";?;?;no;no;0;0;0;0;0;0
169;"10:00/18:20 (5X1)";"NO";1;36000;66000;0;0;0;3600;no;0;0;0;"dani";01/10/15;"145719";"000000000000000             N00000";"";?;?;no;no;0;0;0;0;600;600
170;"18:20/02:40 (5X1)";"NO";1;66000;9600;0;0;0;3600;yes;0;0;0;"dani";01/10/15;"151357";"000000000000000             N00000";"";?;?;no;no;0;0;0;0;600;600
171;"18:20/02:00 (6x1)";"NO";1;66000;7200;0;0;0;3600;yes;0;0;0;"dani";22/10/15;"172608";"000000000000000             N00000";"";?;?;no;no;0;0;0;0;600;600
172;"20:00/06:00";"NO";1;72000;21600;0;0;0;6000;yes;0;1800;1800;"dani";20/11/15;"091245";"000000000000000             N00000";"";?;?;no;no;0;0;0;0;0;0
173;"18:20/02:00 (almoxarifado)";"NO";1;66000;7200;0;0;0;3600;yes;0;0;0;"dani";30/11/15;"171418";"000000000000000             N00000";"";?;?;no;no;0;0;0;0;0;0
174;"11:00/19:20";"NO";1;32400;62400;0;0;0;3600;no;0;0;0;"fabiano";20/01/16;"154831";"000000000000000             N00000";"";?;?;no;no;0;0;0;0;0;0
175;"23:00/07:20";"NO";1;82800;25200;0;0;0;3600;yes;0;0;0;"fabiano";20/01/16;"163637";"000000000000000             N00000";"";?;?;no;no;0;0;0;0;0;0
176;"01:00/09:20";"NO";1;3600;33600;0;0;0;3600;no;0;0;0;"fabiano";20/01/16;"164302";"000000000000000             N00000";"";?;?;no;no;0;0;0;0;0;0
177;"21:00/05:20 (5X1 GERAL)";"NO";1;75600;19200;0;0;0;3600;yes;0;0;0;"fabiano";02/03/16;"063054";"000000000000000             N00000";"";?;?;no;no;0;0;0;0;600;600
178;"15:00/23:20";"NO";1;54000;84000;0;0;0;3600;no;0;0;0;"fabiano";01/03/16;"152458";"000000000000000             N00000";"";?;?;no;no;0;0;0;0;600;600
179;"07:00/15:20";"NO";1;25200;55200;0;0;0;3600;no;0;0;0;"fabiano";01/03/16;"181200";"000000000000000             N00000";"";?;?;no;no;0;0;0;0;600;600
180;"13:30/17:30";"NO";1;48600;63000;0;0;0;0;no;0;0;0;"val";09/03/16;"160950";"000000000000000             N00000";"";?;?;no;no;0;0;0;0;0;0
181;"09:00/17:00";"NO";1;32400;61200;0;0;0;3600;no;0;0;0;"fabiano";16/03/16;"160034";"000000000000000             N00000";"";?;?;no;no;0;0;0;0;0;0
182;"17:00/01:00";"NO";1;61200;3600;0;0;0;3600;yes;0;0;0;"fabiano";16/03/16;"160248";"000000000000000             N00000";"";?;?;no;no;0;0;0;0;0;0
183;"01:00/09:00";"NO";1;3600;32400;0;0;0;3600;no;0;0;0;"fabiano";16/03/16;"160443";"000000000000000             N00000";"";?;?;no;no;0;0;0;0;0;0
184;"06:00/14:00";"NO";1;21600;50400;0;0;0;3600;no;0;0;0;"fabiano";16/03/16;"160755";"000000000000000             N00000";"";?;?;no;no;0;0;0;0;0;0
185;"14:00/22:00";"NO";1;50400;79200;0;0;0;3600;no;0;0;0;"fabiano";16/03/16;"161055";"000000000000000             N00000";"";?;?;no;no;0;0;0;0;0;0
186;"22:00/06:00";"NO";1;79200;21600;0;0;0;3600;yes;0;0;0;"fabiano";16/03/16;"161305";"000000000000000             N00000";"";?;?;no;no;0;0;0;0;0;0
187;"HORARIO 15:00 AS 23:00";"NO";1;54000;82800;0;0;0;3600;no;0;0;0;"val";13/04/16;"140314";"000000000000000             N00000";"";?;?;no;no;0;0;0;0;600;600
188;"04:30/12:50";"NO";1;16200;46200;0;0;0;3600;no;0;0;0;"fabiano";23/05/16;"112956";"000000000000000             N00000";"";?;?;no;no;0;0;0;0;600;600
189;"16:30/00:50";"NO";1;59400;3000;0;0;0;3600;yes;0;0;0;"fabiano";23/05/16;"114835";"000000000000000             N00000";"";?;?;no;no;0;0;0;0;600;600
190;"11:00/19:20";"NO";1;39600;69600;0;0;0;3600;no;0;0;0;"fabiano";22/06/16;"155102";"000000000000000             N00000";"";?;?;no;no;0;0;0;0;0;0
191;"05:30/13:30";"NO";1;18000;48000;0;0;0;3600;no;0;0;0;"ellen";28/07/16;"104629";"000000000000000             N00000";"";?;?;no;no;0;0;0;0;0;0
192;"07:30/17:30 (SEG A QUI)";"NO";1;27000;63000;0;0;0;3600;no;0;0;0;"fabiano";04/08/16;"162056";"000000000000000             N00000";"";?;?;no;no;0;0;0;0;0;0
193;"05:30/13:30";"NO";1;19800;48600;0;0;0;3600;no;0;0;0;"fabiano";05/08/16;"160016";"000000000000000             N00000";"";?;?;no;no;0;0;0;0;0;0
194;"20:00/06:00";"NO";1;72000;21600;0;0;0;3600;yes;0;0;0;"ellen";19/08/16;"174017";"000000000000000             N00000";"";?;?;no;no;0;0;0;0;0;0
195;"13:30/23:30";"NO";1;48600;84600;0;0;0;7200;no;0;0;0;"fabiano";25/08/16;"104649";"000000000000000             N00000";"";?;?;no;no;0;0;0;0;0;0
196;"07:30/17:18";"no";1;27000;62280;0;0;0;4800;no;0;0;0;"ellen";31/08/16;"082003";"000000000000000             N00000";"";?;?;no;no;0;0;0;0;600;600
197;"07:00/17:18 - adm MS";"NO";1;25200;62400;0;0;0;5400;no;0;0;0;"super";27/01/17;"110143";"000000000000000             N00000";"";?;?;no;no;0;0;0;0;600;600
198;"07:00/15:00 + toleracia";"NO";1;25200;54000;0;0;0;3600;no;0;0;0;"fabiano";03/09/16;"084142";"000000000000000             N00000";"";?;?;no;no;0;0;0;0;1200;1200
199;"15:00/23:00 + tolerancia";"NO";1;54000;82800;0;0;0;3600;no;0;0;0;"fabiano";03/09/16;"084803";"000000000000000             N00000";"";?;?;no;no;0;0;0;0;1200;1200
200;"23:00/07:00 + tolerancia";"NO";1;82800;25200;0;0;0;3600;yes;0;0;0;"fabiano";03/09/16;"085045";"000000000000000             N00000";"";?;?;no;no;0;0;0;0;1200;1200
201;"06:30/16:30";"NO";1;23400;59400;0;0;0;3600;no;0;0;0;"fabiano";05/09/16;"092445";"000000000000000             N00000";"";?;?;no;no;0;0;0;0;1200;1200
202;"23:00 AS 07:20  MS";"NO";1;82800;26400;0;0;0;3600;yes;0;0;0;"ellen";22/09/16;"160002";"000000000000000             N00000";"";?;?;no;no;0;0;0;0;0;0
203;"15:00 AS 23:20  MS";"NO";1;54000;84000;0;0;0;3600;no;0;0;0;"ellen";22/09/16;"160243";"000000000000000             N00000";"";?;?;no;no;0;0;0;0;0;0
204;"07:00 AS 15:20  MS";"NO";1;25200;55200;0;0;0;3600;no;0;0;0;"ellen";22/09/16;"161319";"000000000000000             N00000";"";?;?;no;no;0;0;0;0;0;0
205;"07:00 AS 15:20  SP";"NO";1;25200;55200;0;0;0;3600;no;0;0;0;"ellen";22/09/16;"162444";"000000000000000             N00000";"";?;?;no;no;0;0;0;0;0;0
206;"15:00 AS 23:20 SP";"NO";1;54000;84000;0;0;0;3600;no;0;0;0;"ellen";22/09/16;"162523";"000000000000000             N00000";"";?;?;no;no;0;0;0;0;0;0
207;"23:00 AS 07:20 SP";"NO";1;82800;26400;0;0;0;3600;yes;0;0;0;"ellen";22/09/16;"162603";"000000000000000             N00000";"";?;?;no;no;0;0;0;0;0;0
208;"13:00 AS 14:00 - MEDICO";"NO";1;46800;50400;0;0;0;0;no;0;0;0;"ellen";05/10/16;"105549";"000000000000000             N00000";"";?;?;no;no;0;0;0;0;0;0
209;"13:30 as 23:30 - SP";"NO";1;48600;84600;0;0;0;7200;no;0;0;0;"ellen";02/11/16;"093219";"000000000000000             N00000";"";?;?;no;no;0;0;0;0;0;0
210;"13:00/21:00";"NO";1;46800;75600;0;0;0;7200;no;0;0;0;"ellen";06/12/16;"104529";"000000000000000             N00000";"";?;?;no;no;0;0;0;0;0;0
211;"08:00/17:30";"no";1;28800;63000;0;0;0;5400;no;0;0;0;"ellen";09/01/17;"083103";"000000000000000             N00000";"";?;?;no;no;0;0;0;0;600;600
212;"07:00/16:48 (OFICINA - SP)";"no";1;25200;60480;0;0;0;3600;no;0;0;0;"ellen";11/01/17;"173105";"000000000000000             N00000";"";?;?;no;no;0;0;0;0;600;600
213;"05:00/15:00";"NO";1;18000;54000;0;0;0;7200;no;0;0;0;"super";23/03/17;"095938";"000000000000000             N00000";"";?;?;no;no;0;0;0;0;0;0
214;"05:00/14:20 MS";"NO";1;18000;51600;0;0;0;7200;no;0;0;0;"super";27/03/17;"093849";"000000000000000             N00000";"";?;?;no;no;0;0;0;0;0;0
215;"07:00/16:30";"NO";1;25200;59400;0;0;0;5400;no;0;0;0;"fabiano";12/04/17;"172459";"000000000000000             N00000";"";?;?;no;no;0;0;0;0;0;0
216;"15:00/23:20";"no";1;54000;84000;0;0;0;3600;no;0;0;0;"super";24/04/17;"115533";"000000000000000             N00000";"";?;?;no;no;0;0;0;0;0;0
217;"18:00/02:20";"NO";1;64800;8400;0;0;0;3600;yes;0;0;0;"fabiano";04/09/17;"105322";"000000000000000             N00000";"";?;?;no;no;0;0;0;0;0;0
218;"07:00/16:48 (OFICINA - MS)";"NO";1;25200;60480;0;0;0;3600;no;0;0;0;"camila";09/01/18;"084709";"000000000000000             N00000";"";?;?;no;no;0;0;0;0;600;600
219;"08:00 - 12:00 APRENDIZ";"NO";1;28800;43200;0;0;0;0;no;0;0;0;"camila";05/02/18;"101407";"000000000000000             N00000";"";?;?;no;no;0;0;0;0;0;0
220;"07:00/17:00";"no";1;25200;61200;0;0;0;7200;no;0;0;0;"super";26/03/18;"091650";"000000000000000             N00000";"";?;?;no;no;0;0;0;0;0;0
221;"07:00/15:20";"NO";1;25200;55200;0;0;0;3600;no;0;0;0;"camila";04/04/18;"171624";"000000000000000             N00000";"";?;?;no;no;0;0;0;0;0;0
222;"23:00/07:20 5X1";"NO";1;82800;26400;0;0;0;3600;yes;0;0;0;"camila";22/05/18;"090915";"000000000000000             N00000";"";?;?;no;no;0;0;0;0;0;0
223;"07:00/17:00 - comp";"no";1;25200;61200;0;0;0;4320;no;0;0;0;"gmoreno";01/07/20;"150109";"000000000000000             N00000";"";?;?;no;no;0;0;0;0;600;600
224;"13:30/22:50";"NO";1;48600;82200;0;0;0;7200;no;0;0;0;"camila";01/09/18;"161935";"000000000000000             N00000";"";?;?;no;no;0;0;0;0;0;0
225;"11:00/20:00 (5x1)";"NO";1;39600;72000;0;0;0;3600;no;0;0;0;"ellen";01/02/19;"190138";"000000000000000             N00000";"";?;?;no;no;0;0;0;0;0;0
226;"06:00/15:20 - 5x1";"NO";1;21600;55200;0;0;0;7200;no;0;0;0;"camila";03/09/18;"135653";"000000000000000             N00000";"";?;?;no;no;0;0;0;0;0;0
227;"20:00/04:00 (5x1)";"NO";1;72000;14400;0;0;0;3600;yes;0;0;0;"ellen";01/02/19;"195417";"000000000000000             N00000";"";?;?;no;no;0;0;0;0;0;0
228;"19:00/05:00 (4x2)";"NO";1;68400;18000;0;0;0;4320;yes;0;0;0;"ellen";23/07/19;"085411";"000000000000000             N00000";"";?;?;no;no;0;0;0;0;0;0
287;"04:00/12:00";"NO";1;14400;43200;0;0;0;3600;no;0;0;0;"ellen";01/02/19;"175619";"000000000000000             N00000";"";?;?;no;no;0;0;0;0;0;0
289;"19:00 às 03:30";"NO";1;68400;12600;0;0;0;3600;yes;0;0;0;"bazevedo";19/09/18;"102036";"000000000000000             N00000";"";?;?;no;no;0;0;0;0;0;0
290;"05:30/14:50";"NO";1;19800;53400;0;0;0;7200;no;0;0;0;"ellen";27/11/18;"152619";"000000000000000             N00000";"";?;?;no;no;0;0;0;0;0;0
291;"19:20/03:40 (6X1)";"NO";1;69600;13200;0;0;0;3600;yes;0;0;0;"ellen";04/12/18;"151519";"000000000000000             N00000";"";?;?;no;no;0;0;0;0;0;0
292;"16:00/01:00 (5x1)";"NO";1;57600;3600;0;0;0;3600;yes;0;0;0;"ellen";26/12/18;"175455";"000000000000000             N00000";"";?;?;no;no;0;0;0;0;0;0
293;"04:00/12:20";"NO";1;14400;44400;0;0;0;3600;no;0;0;0;"ellen";02/01/19;"093950";"000000000000000             N00000";"";?;?;no;no;0;0;0;0;0;0
294;"12:00/20:20";"NO";1;43200;73200;0;0;0;3600;no;0;0;0;"ellen";02/01/19;"094546";"000000000000000             N00000";"";?;?;no;no;0;0;0;0;0;0
295;"08:00/18:00 (ADM)";"NO";1;28800;64800;0;0;0;4320;no;0;0;0;"ellen";26/01/19;"110749";"000000000000000             N00000";"";?;?;no;no;0;0;0;0;0;0
296;"06:00/16:00 (ADM - COPEIRA MS)";"NO";1;21600;57600;0;0;0;4320;no;0;0;0;"msantos";29/01/19;"111413";"000000000000000             N00000";"";?;?;no;no;0;0;0;0;0;0
297;"00:00/08:20 (5x1)";"NO";1;0;30000;0;0;0;3600;no;0;0;0;"ellen";27/02/19;"162818";"000000000000000             N00000";"";?;?;no;no;0;0;0;0;0;0
298;"14:30/22:50";"NO";1;52200;82200;0;0;0;3600;no;0;0;0;"msantos";31/05/19;"093614";"000000000000000             N00000";"";?;?;no;no;0;0;0;0;0;0
299;"22:30/06:50";"NO";1;81000;24600;0;0;0;3600;yes;0;0;0;"msantos";31/05/19;"093700";"000000000000000             N00000";"";?;?;no;no;0;0;0;0;0;0
300;"17:00 AS 18:00 - MEDICO";"NO";1;61200;64800;0;0;0;0;no;0;0;0;"ellen";27/06/19;"103643";"000000000000000             N00000";"";?;?;no;no;0;0;0;0;0;0
301;"21:30/05:50";"NO";1;77400;21000;0;0;0;3600;yes;0;0;0;"ellen";01/08/19;"094037";"000000000000000             N00000";"";?;?;no;no;0;0;0;0;0;0
302;"06:30/16:30";"NO";1;23400;59400;0;0;0;4320;no;0;0;0;"ellen";01/08/19;"105036";"000000000000000             N00000";"";?;?;no;no;0;0;0;0;0;0
303;"18:30/04:30";"NO";1;66600;16200;0;0;0;4320;yes;0;0;0;"ellen";01/08/19;"114107";"000000000000000             N00000";"";?;?;no;no;0;0;0;0;0;0
304;"03:40/12:00";"NO";1;13200;43200;0;0;0;3600;no;0;0;0;"ellen";23/08/19;"123609";"000000000000000             N00000";"";?;?;no;no;0;0;0;0;0;0
305;"07:00/16:20";"NO";1;25200;58800;0;0;0;7200;no;0;0;0;"gmoreno";20/09/19;"102242";"000000000000000             N00000";"";?;?;no;no;0;0;0;0;300;300
306;"07:00/18:00";"no";1;25200;64800;0;0;0;7200;no;0;0;0;"gmoreno";16/10/19;"090249";"000000000000000             N00000";"";?;?;no;no;0;0;0;0;0;0
307;"07:12/18:00";"NO";1;25920;64800;0;0;0;7200;no;0;0;0;"gmoreno";16/10/19;"092240";"000000000000000             N00000";"";?;?;no;no;0;0;0;0;0;0
308;"05:00-09:00 MOTORISTA SP";"NO";1;18000;32400;0;0;0;0;no;0;0;0;"gmoreno";16/10/19;"093121";"000000000000000             N00000";"";?;?;no;no;0;0;0;0;0;0
309;"17:00-21:00 MOTORISTA SP";"NO";1;61200;75600;0;0;0;0;no;0;0;0;"gmoreno";16/10/19;"093147";"000000000000000             N00000";"";?;?;no;no;0;0;0;0;0;0
310;"12:00/20:00";"NO";1;43200;72000;0;0;0;3600;no;0;0;0;"gmoreno";22/10/19;"164628";"000000000000000             N00000";"";?;?;no;no;0;0;0;0;0;0
311;"13:00/19:00 APRENDIZ";"NO";1;46800;68400;0;0;0;0;no;0;0;0;"gmoreno";01/11/19;"162430";"000000000000000             N00000";"";?;?;no;no;0;0;0;0;0;0
318;"07:00/18:00";"NO";1;25200;64800;0;0;0;6480;no;0;0;0;"gmoreno";27/11/19;"105232";"000000000000000             N00000";"";?;?;no;no;0;0;0;0;0;0
319;"00:00/10:00 (4x2) PORT MS";"NO";1;0;36000;0;0;0;4320;no;0;0;0;"gmoreno";22/01/20;"083259";"000000000000000             N00000";"";?;?;no;no;0;0;0;0;0;0
320;"12:00/22:00 (4x2) PORT MS";"NO";1;43200;79200;0;0;0;4320;no;0;0;0;"gmoreno";22/01/20;"083527";"000000000000000             N00000";"";?;?;no;no;0;0;0;0;0;0
321;"13:00 AS 18:00 - COPEIRA TO";"NO";1;46800;64800;0;0;0;900;no;0;0;0;"gmoreno";27/01/20;"174606";"000000000000000             N00000";"";?;?;no;no;0;0;0;0;0;0
322;"13:00 AS 18:15 - COPEIRA TO";"NO";1;46800;65700;0;0;0;900;no;0;0;0;"gmoreno";28/01/20;"142333";"000000000000000             N00000";"";?;?;no;no;0;0;0;0;0;0
323;"10:00/20:00 (4x2 MS)";"no";1;36000;72000;0;0;0;4320;no;0;0;0;"gmoreno";26/03/20;"085730";"000000000000000             N00000";"";?;?;no;no;0;0;0;0;600;600
324;"22:00/08:00 (4x2 MS)";"NO";1;79200;28800;0;0;0;4320;yes;0;0;0;"gmoreno";26/03/20;"085318";"000000000000000             N00000";"";?;?;no;no;0;0;0;0;600;600
325;"08:00/14:00 APRENDIZ";"NO";1;28800;50400;0;0;0;0;no;0;0;0;"gmoreno";26/03/20;"093723";"000000000000000             N00000";"";?;?;no;no;0;0;0;0;0;0
326;"09:00/19:00 (4x2 SP)";"no";1;32400;68400;0;0;0;4320;no;0;0;0;"gmoreno";27/03/20;"095409";"000000000000000             N00000";"";?;?;no;no;0;0;0;0;600;600
327;"21:00/07:00 (4x2 SP)";"NO";1;75600;25200;0;0;0;4320;yes;0;0;0;"gmoreno";27/03/20;"095533";"000000000000000             N00000";"";?;?;no;no;0;0;0;0;600;600
328;"08:00/18:00 (4x2 SP)";"no";1;28800;64800;0;0;0;4320;no;0;0;0;"gmoreno";14/04/20;"153448";"000000000000000             N00000";"";?;?;no;no;0;0;0;0;600;600
329;"20:00/06:00 (4x2 SP)";"NO";1;72000;21600;0;0;0;4320;yes;0;0;0;"gmoreno";14/04/20;"153550";"000000000000000             N00000";"";?;?;no;no;0;0;0;0;600;600
330;"08:30/18:30 (4x2 SP)";"no";1;30600;66600;0;0;0;4320;no;0;0;0;"gmoreno";14/04/20;"153757";"000000000000000             N00000";"";?;?;no;no;0;0;0;0;600;600
331;"20:30/06:30 (4x2 SP)";"NO";1;73800;23400;0;0;0;4320;yes;0;0;0;"gmoreno";14/04/20;"153834";"000000000000000             N00000";"";?;?;no;no;0;0;0;0;600;600
332;"18:00-22:00 MOTORISTA SP";"NO";1;64800;79200;0;0;0;0;no;0;0;0;"gmoreno";17/04/20;"101405";"000000000000000             N00000";"";?;?;no;no;0;0;0;0;0;0
333;"06:00-10:00 MOTORISTA SP";"NO";1;21600;36000;0;0;0;0;no;0;0;0;"gmoreno";17/04/20;"102028";"000000000000000             N00000";"";?;?;no;no;0;0;0;0;0;0
334;"15:30/23:50";"no";1;55800;85800;0;0;0;3600;no;0;0;0;"gmoreno";20/04/20;"104821";"000000000000000             N00000";"";?;?;no;no;0;0;0;0;0;0
335;"07:00 AS 12:15 - COPEIRA TO";"NO";1;25200;44100;0;0;0;900;no;0;0;0;"gmoreno";28/08/20;"181818";"000000000000000             N00000";"";?;?;no;no;0;0;0;0;0;0
336;"19:20/03:40 (6X1) TO";"NO";1;69600;13200;0;0;0;3600;yes;0;0;0;"gmoreno";19/10/20;"091122";"000000000000000             N00000";"";?;?;no;no;0;0;0;0;0;0
337;"18:20/02:40";"NO";1;66000;9600;0;0;0;3600;yes;0;0;0;"gmoreno";06/11/20;"113307";"000000000000000             N00000";"";?;?;no;no;0;0;0;0;0;0
338;"16:00-20:00 MOTORISTA SP";"NO";1;57600;72000;0;0;0;0;no;0;0;0;"gmoreno";13/11/20;"100650";"000000000000000             N00000";"";?;?;no;no;0;0;0;0;0;0
339;"12:00/21:00";"NO";1;43200;75600;0;0;0;3600;no;0;0;0;"gmoreno";18/12/20;"110656";"000000000000000             N00000";"";?;?;no;no;0;0;0;0;0;0
340;"16:20/00:40";"NO";1;58800;2400;0;0;0;3600;yes;0;0;0;"gmoreno";08/01/21;"175746";"000000000000000             N00000";"";?;?;no;no;0;0;0;0;0;0
341;"06:30/16:30 - comp";"no";1;23400;59400;0;0;0;4320;no;0;0;0;"gmoreno";19/02/21;"150921";"000000000000000             N00000";"";?;?;no;no;0;0;0;0;600;600
342;"18:30/04:30 (4x2)";"NO";1;66600;16200;0;0;0;4320;yes;0;0;0;"gmoreno";19/02/21;"151122";"000000000000000             N00000";"";?;?;no;no;0;0;0;0;0;0
343;"18:00/02:20";"NO";1;64800;8400;0;0;0;3600;yes;0;0;0;"gmoreno";16/03/21;"142712";"000000000000000             N00000";"";?;?;no;no;0;0;0;0;0;0
344;"07:30/17:30 (ADM)";"NO";1;27000;63000;0;0;0;4320;no;0;0;0;"gmoreno";22/03/21;"173200";"000000000000000             N00000";"";?;?;no;no;0;0;0;0;0;0
345;"07:00/15:30";"NO";1;25200;55800;0;0;0;4320;no;0;0;5280;"gmoreno";22/04/21;"085007";"000000000000000             N00000";"";?;?;no;no;0;0;0;0;600;600
346;"07:00/15:32";"NO";1;25200;55920;0;0;0;4320;no;0;0;0;"gmoreno";22/04/21;"102442";"000000000000000             N00000";"";?;?;no;no;0;0;0;0;600;600
347;"19:00/03:32";"NO";1;68400;12720;0;0;0;4320;yes;0;0;0;"gmoreno";22/04/21;"102706";"000000000000000             N00000";"";?;?;no;no;0;0;0;0;600;600
348;"07:00/17:00 - COM LANCHE";"NO";1;25200;61200;0;0;0;4320;no;0;0;5280;"gmoreno";12/05/21;"145658";"000000000000000             N00000";"";?;?;no;no;0;0;0;0;0;0
349;"19:00/05:00 - COM LANCHE";"NO";1;68400;18000;0;0;0;4320;yes;0;0;5280;"gmoreno";12/05/21;"145709";"000000000000000             N00000";"";?;?;no;no;0;0;0;0;0;0
350;"06:00/16:00 - COM LANCHE";"NO";1;21600;57600;0;0;0;4320;no;0;0;5280;"gmoreno";02/06/21;"143515";"000000000000000             N00000";"";?;?;no;no;0;0;0;0;0;0
351;"19:00/05:00 - COM LANCHE NOVO";"NO";1;68400;18000;0;0;0;4320;yes;0;0;5280;"gmoreno";26/07/21;"103806";"000000000000000             N00000";"";?;?;no;no;0;0;0;0;0;0
352;"16:00/02:00";"NO";1;57600;7200;0;0;0;4320;yes;0;0;0;"gmoreno";26/08/21;"134706";"000000000000000             N00000";"";?;?;no;no;0;0;0;0;0;0
353;"07:00/17:00 (ADM)";"NO";1;25200;61200;0;0;0;4320;no;0;0;0;"amagro";25/11/21;"173126";"000000000000000             N00000";"";?;?;no;no;0;0;0;0;600;0
354;"18:30/04:30 (4x2)";"NO";1;66600;16200;0;0;0;4320;yes;0;0;0;"gmoreno";11/02/22;"144802";"000000000000000             N00000";"";?;?;no;no;0;0;0;0;0;0
355;"006:30/16:30 - COMP";"NO";1;23400;59400;0;0;0;4320;no;0;0;0;"gmoreno";11/02/22;"145448";"000000000000000             N00000";"";?;?;no;no;0;0;0;0;600;600
356;"06:30/16:30 - Comp";"NO";1;23400;59400;0;0;0;4320;no;0;0;0;"gmoreno";14/02/22;"111516";"000000000000000             N00000";"";?;?;no;no;0;0;0;0;600;600
357;"05:00/14:00 (PILOTO)";"NO";1;18000;50400;0;0;0;7200;no;0;0;0;"gmoreno";20/04/22;"111242";"000000000000000             N00000";"";?;?;no;no;0;0;0;0;600;0
358;"05:00/14:12 (PILOTO)";"NO";1;18000;51120;0;0;0;7200;no;0;0;0;"gmoreno";20/04/22;"111315";"000000000000000             N00000";"";?;?;no;no;0;0;0;0;600;0
359;"07:00/13:00 APRENDIZ";"NO";1;25200;46800;0;0;0;0;no;0;0;0;"gmoreno";26/07/22;"170121";"000000000000000             N00000";"";?;?;no;no;0;0;0;0;0;0
360;"12:00/20:20";"NO";1;43200;73200;0;0;0;3600;no;0;0;0;"gmoreno";29/08/22;"163300";"000000000000000             N00000";"";?;?;no;no;0;0;0;0;600;600
361;"08:30/16:50";"NO";1;30600;60600;0;0;0;3600;no;0;0;0;"gmoreno";08/09/22;"111423";"000000000000000             N00000";"";?;?;no;no;0;0;0;0;600;600
362;"04:00/14:00 - COM LANCHE";"NO";1;14400;50400;0;0;0;4320;no;0;0;5280;"gmoreno";24/10/22;"155234";"000000000000000             N00000";"";?;?;no;no;0;0;0;0;0;0
363;"06:00/16:00 - 4x2";"no";1;21600;57600;0;0;0;4320;no;0;0;0;"gmoreno";26/04/23;"150150";"000000000000000             N00000";"";?;?;no;no;0;0;0;0;600;600
364;"03:00/15:00 - COM LANCHE";"NO";1;10800;54000;0;0;0;4320;no;0;0;5280;"val";10/05/23;"073011";"000000000000000             N00000";"";?;?;no;no;0;0;0;0;0;0
365;"18:00/04:00 (4x2)";"NO";1;64800;14400;0;0;0;4320;yes;0;0;0;"gmoreno";20/06/23;"145105";"000000000000000             N00000";"";?;?;no;no;0;0;0;0;0;0
366;"07:00/17:30 CONSTRUÇÃO";"NO";1;25200;63000;0;0;0;5400;no;0;0;0;"val";27/07/23;"082104";"000000000000000             N00000";"";?;?;no;no;0;0;0;0;0;300
367;"07:00/16:30 (CONSTRUÇÃO)";"NO";1;25200;59400;0;0;0;5400;no;0;0;0;"val";27/07/23;"082116";"000000000000000             N00000";"";?;?;no;no;0;0;0;0;0;300
368;"07:00/16:30 (CONSTRUÇÃO)";"NO";1;25200;59400;0;0;0;5400;no;0;0;0;"val";27/07/23;"092404";"000000000000000             N00000";"";?;?;no;no;0;0;0;0;0;300
369;"07:00/11:00 (CONTRUÇÃO)";"NO";1;25200;39600;0;0;0;0;no;0;0;0;"val";27/07/23;"092646";"000000000000000             N00000";"";?;?;no;no;0;0;0;0;0;0
998;"COMPENSADO";"CO";5;0;0;0;0;0;0;no;0;0;0;"SUPER";08/04/08;"120608";"000000000000000";"";?;?;no;no;0;0;0;0;0;0
999;"REPOUSO";"RE";3;0;0;0;0;0;0;no;0;0;0;"SUPER";08/04/08;"120623";"000000000000000";"";?;?;no;no;0;0;0;0;0;0
